density,runtime,recall,precision,doublets_made,seed
0.5,39.98,0.9946147473073736,0.000981843461192443,2457178,652130697
0.5,39.29,0.9906937394247038,0.000982140722900863,2396065,882760211
0.5,38.82,0.9907756813417191,0.0009994911604460362,2375827,168657659
