density,runtime,recall,precision,doublets_made,seed
1,154.01,0.9926284751474305,0.0004940378447874185,9563071,34246316
1,153.44,0.9926284751474305,0.0004940377412129051,9563073,542697611
1,152.43,0.9926284751474305,0.0004940377930001564,9563072,771970135
