density,runtime,recall,precision,doublets_made,seed
0.1,2.29,0.9952941176470588,0.004236863719225145,102200,761404538
0.1,2.23,0.9922480620155039,0.005190065889508363,100952,1064949840
0.1,2.26,1.0,0.004880057034411431,101995,449933872
0.1,2.3,0.9853300733496333,0.003941166115750973,104770,80110556
0.1,2.32,1.0,0.004762637827852291,106284,85975612
