density,runtime,recall,precision,doublets_made,seed
0.2,7.52,0.9870517928286853,0.002458581217531098,407810,847195452
0.2,7.15,0.9930966469428008,0.002594832495445515,392701,332666510
0.2,7.07,0.9918032786885246,0.0025672511052705557,381619,127907054
