density,runtime,recall,precision,doublets_made,seed
0.25,11.19,0.9888698630136986,0.0018898271667154804,617067,731435767
0.25,10.67,0.9872557349192863,0.0019772598105778296,593332,317657857
0.25,10.71,0.9942669942669943,0.00205588832495906,596254,877834852
