density,runtime,recall,precision,doublets_made,seed
0.3,15.46,0.9955947136563876,0.0015211360508122261,898595,743972460
0.3,15.18,0.9965986394557823,0.001665499490686845,886657,795467649
0.3,14.65,0.9915966386554622,0.0017899232223285337,863893,205147852
