density,runtime,recall,precision,doublets_made,seed
0.35,20.24,0.9911032028469751,0.001440819068132376,1167764,570150579
0.35,20.07,0.9930335655478151,0.001327652426013859,1189313,743942990
0.35,19.98,0.994665085951393,0.0014541156325229686,1161994,718716829
