density,runtime,recall,precision,doublets_made,seed
0.4,25.95,0.9893842887473461,0.0012112020595633304,1548410,784904970
0.4,25.62,0.9956733369388859,0.0012172552711913827,1521596,828870872
0.4,25.1,0.9893333333333333,0.001247373287383374,1496301,486568924
