density,runtime,recall,precision,doublets_made,seed
0.55,48.06,0.9908958485069191,0.0009224823284118454,2962454,607279400
0.55,46.73,0.9914263445050663,0.0008748515262789029,2920823,799911111
0.55,45.43,0.9929225645295587,0.0008456133409066251,2833280,473151231
