density,runtime,recall,precision,doublets_made,seed
0.6,54.86,0.9906407487401008,0.0008133399574828901,3397574,455652264
0.6,54.49,0.9953405017921146,0.0008147393596858632,3422319,687198030
0.6,55.27,0.9945155393053017,0.0007901918597455931,3456345,889342643
