density,runtime,recall,precision,doublets_made,seed
0.65,65.61,0.9915040906230334,0.0007747201750557805,4082461,53096878
0.65,64.55,0.9933927981499835,0.0007519490785185378,4014142,129758895
0.65,64.75,0.9923615531508593,0.000774662234346506,4040058,111572454
