density,runtime,recall,precision,doublets_made,seed
0.7,75.4,0.9924173491052471,0.0006955451100967981,4720661,390599861
0.7,74.65,0.9935408103347034,0.0007223911145892906,4700718,183766817
0.7,76.42,0.9918723660445514,0.0006895166268721057,4795252,378930483
