density,runtime,recall,precision,doublets_made,seed
0.75,86.38,0.9929258630447085,0.0006492569347819651,5422362,97720463
0.75,84.4,0.9923976608187135,0.0006408855928578833,5313276,311744846
0.75,84.97,0.9910414333706606,0.0006602792421635672,5378792,368374362
