density,runtime,recall,precision,doublets_made,seed
0.8,99.0,0.9922022048937886,0.0006005678539952817,6163043,822812908
0.8,97.15,0.9916351861845656,0.0006031055257430876,6112196,200017978
0.8,96.72,0.9938429964084146,0.0006327683172870867,6140874,406003656
