density,runtime,recall,precision,doublets_made,seed
0.85,109.28,0.9937919046436553,0.0005808901931742934,6909232,89318986
0.85,107.72,0.9921359715880264,0.00056357041092511,6959668,196094261
0.85,106.71,0.9934492315444696,0.0005776584337765075,6845602,190563006
