density,runtime,recall,precision,doublets_made,seed
1,2224.77,0.9926284751474305,0.0004940377412129051,9563073,256040556
1,2169.6,0.9926284751474305,0.0004940377412129051,9563073,104386706
1,1983.52,0.9926284751474305,0.0004940377412129051,9563073,111831810
