density,runtime,recall,precision,doublets_made,seed
0.2,87.66,0.9921259842519685,0.002482208377453274,410856,1045991785
0.2,94.55,0.9965635738831615,0.00230928491798057,381275,669620966
0.2,89.27,0.9927234927234927,0.002426980911985728,398167,451207022
