density,runtime,recall,precision,doublets_made,seed
0.4,405.11,0.9880108991825614,0.0011601611043351502,1572234,445000743
0.4,384.44,0.9942857142857143,0.0012312910028266942,1563851,720692552
0.4,357.11,0.99209726443769,0.0010838294243750049,1515238,691246221
