density,runtime,recall,precision,doublets_made,seed
0.6,763.09,0.9959933222036728,0.000844821594806797,3545043,835591446
0.6,621.78,0.991292232671543,0.0008273948516619996,3453784,223645419
0.6,615.46,0.9934017595307918,0.0008000510143229797,3401167,717828143
