density,runtime,recall,precision,doublets_made,seed
0.7,836.41,0.9920377469772929,0.0007231411842877156,4668143,729311038
0.7,831.17,0.9921060940953584,0.0006734568204221601,4681893,506026206
0.7,838.87,0.9910260245288662,0.0007103163534206567,4680375,907187270
