density,runtime,recall,precision,doublets_made,seed
0.75,960.23,0.9921590590870905,0.0006543223875767763,5432322,169782424
0.75,936.89,0.9922346850733391,0.0006478379301033574,5342841,659109889
0.75,962.57,0.9922308546059934,0.000654128352933709,5484589,357584086
