density,runtime,recall,precision,doublets_made,seed
0.8,1069.98,0.9925768822905621,0.0006151888550914765,6104550,170743355
0.8,1057.12,0.9921917070543887,0.0006110540591317925,6049144,514389842
0.8,1057.81,0.9949986838641748,0.0006237486867037407,6078636,784101913
