density,runtime,recall,precision,doublets_made,seed
0.9,1339.07,0.9921586715867159,0.0005602179615098226,7699939,475568264
0.9,1337.0,0.9923734689161081,0.000558145242026283,7714212,886828234
0.9,1346.21,0.9920930232558139,0.0005554718600637998,7700802,646549148
