density,runtime,recall,precision,doublets_made,seed
0.95,1513.35,0.9922992299229924,0.0005195922571767385,8702102,863399263
0.95,1496.12,0.9937106918238994,0.0005154596533394014,8604769,466154541
0.95,1514.34,0.9924595253936571,0.0005178385845637352,8663888,425079565
