density,runtime,recall,precision,doublets_made,seed
0.1,29.34,0.9762419006479481,0.0045542020574514605,101618,1066651694
0.1,28.09,0.9957356076759062,0.004614852512475912,103631,763003454
0.1,29.01,0.9900199600798403,0.00485812511631096,104461,945164106
0.1,29.12,0.9878787878787879,0.004920705200450813,101658,204827495
0.1,28.44,0.9982238010657194,0.005202692069134705,110452,501290806
