density,runtime,recall,precision,doublets_made,seed
0.15,51.83,0.9985569985569985,0.0031644701341698753,222189,570858416
0.15,51.04,0.9947275922671354,0.0026953536103928263,213489,819525028
0.15,56.0,0.9927849927849928,0.0030423496844888807,229690,191362502
