density,runtime,recall,precision,doublets_made,seed
0.25,137.93,0.989763779527559,0.0020467045939318545,619938,774545054
0.25,137.04,0.9918433931484503,0.0019686919693233753,623616,342780745
0.25,136.85,0.989769820971867,0.0019938998000948002,587938,1020156633
