density,runtime,recall,precision,doublets_made,seed
0.3,183.69,0.9967373572593801,0.0014693204212693149,838648,196398393
0.3,194.27,0.9935714285714285,0.0016114103141844653,870220,124080534
0.3,192.69,0.9891461649782923,0.0016129051288495278,854450,331526413
