density,runtime,recall,precision,doublets_made,seed
0.35,264.89,0.9907940161104718,0.001445482154758927,1199353,986852054
0.35,261.17,0.9919852034525277,0.0013175500284145344,1229699,109898528
0.35,292.74,0.9916567342073898,0.001391418360367321,1204016,122218466
