density,runtime,recall,precision,doublets_made,seed
0.45,454.63,0.9934541792547835,0.0010523682552822432,1885151,236278745
0.45,428.56,0.9942678478374153,0.0010108052324534172,1898152,848584559
0.45,431.17,0.9954730647351743,0.0011410336239103362,1937523,722274788
