density,runtime,recall,precision,doublets_made,seed
0.5,546.4,0.9931740614334471,0.0009975220489651352,2345331,1058413568
0.5,572.87,0.9942004971002486,0.0009786527295644058,2464173,369471219
0.5,460.41,0.9938999593330622,0.0010182539943762714,2411844,1020854772
