density,runtime,recall,precision,doublets_made,seed
0.55,569.82,0.9942682460833014,0.0009214843618579136,2836362,681788434
0.55,666.94,0.9900771775082691,0.0009289129856104689,2912855,439226768
0.55,646.14,0.9907727797001153,0.0008909491391467563,2905110,869484757
