density,runtime,recall,precision,doublets_made,seed
0.65,723.66,0.9920424403183024,0.0007435367348647904,4039270,761666409
0.65,714.71,0.9920178799489144,0.0007856130904835629,3969784,404077844
0.65,714.48,0.9914149443561209,0.0007789915132897002,4017686,155928069
