density,runtime,recall,precision,doublets_made,seed
0.85,1209.53,0.9920477137176938,0.0005784003405491383,6921522,110199127
0.85,1209.33,0.9918618988902589,0.000585447794053964,6889701,1045767287
0.85,1208.09,0.9935643564356436,0.0005840301367698478,6892678,747393424
