density,runtime,recall,precision,doublets_made,seed
0.05,3.0599999999999996,0.9928057553956835,0.011665257819103972,24684,10482096
0.1,9.48,0.9977973568281938,0.004712123576220939,98479,766835043
