density,runtime,recall,precision,doublets_made,seed
0.1,549.3500287532806,0.99,0.01,108554,983465873
0.2,1940.1303939819336,1.0,0.0,399305,229332264
0.3,4402.913597345352,0.99,0.0,886183,456379151
0.4,7658.086140155792,0.99,0.0,1524648,717265734
0.5,11396.93720650673,1.0,0.0,2361645,560776943
