density,runtime,recall,precision,doublets_made,seed
0.15,4.47,0.9929378531073446,0.0031435291592512766,227108,171227257
0.15,4.52,0.9974554707379135,0.003467630290458267,229549,894374656
0.15,4.61,0.9971469329529244,0.003004138749092097,236354,415847799
