density,runtime,recall,precision,doublets_made,seed
0.45,31.9,0.9915632754342432,0.0010534735363545915,1906973,882644190
0.45,32.19,0.9924736578023081,0.0010276189476724794,1935355,253953996
0.45,32.33,0.9957501062473438,0.0011920515650064945,1975843,915263282
