density,runtime,recall,precision,doublets_made,seed
0.9,122.84,0.9930458970792768,0.0005535252737779417,7760466,28247005
0.9,126.97,0.9917374881964117,0.0005460176841623678,7714838,501692939
0.9,123.66,0.9937687514424186,0.000552963246050923,7808147,40872885
