density,runtime,recall,precision,doublets_made,seed
0.95,135.76,0.9924611973392461,0.0005188039783317045,8649720,2133772
0.95,134.21,0.9921612541993281,0.0005155207830516317,8615389,465758796
0.95,135.42,0.9924394040471426,0.0005165444093355767,8662319,117939625
